temperature_C,humidity_pct,hour_of_day,cloud_cover_pct,people_in_room,room_size_m2,wall_material,fan_speed,season,cooling_needed
37.5,69,20,8,4,14,Concrete,3,Summer,Yes
16.3,33,12,37,1,38,Brick,1,Winter,No
17.8,61,1,86,5,17,Concrete,0,Winter,No
30.5,60,18,19,2,23,Mud,1,Autumn,Yes
46.4,68,7,91,2,10,Mud,2,Summer,Yes
19.4,46,22,44,1,35,Brick,0,Winter,No
24.2,70,6,24,4,29,Mud,0,Autumn,No
42.0,56,6,78,3,23,Brick,2,Summer,Yes
38.0,88,13,7,5,26,Brick,3,Summer,Yes
16.1,52,23,21,1,21,Concrete,0,Winter,No
22.1,50,15,12,3,24,Brick,1,Spring,No
10.3,57,2,9,5,31,Brick,0,Winter,No
19.7,47,10,16,2,15,Brick,0,Winter,No
23.5,40,8,91,3,31,Mud,2,Winter,No
37.6,83,6,8,0,22,Brick,2,Summer,Yes
33.0,90,11,86,0,33,Brick,2,Summer,Yes
41.0,78,2,76,2,33,Brick,3,Summer,Yes
18.2,31,19,17,2,38,Brick,0,Winter,No
23.4,44,11,47,5,10,Brick,1,Winter,No
38.0,53,19,26,6,18,Brick,3,Summer,Yes
32.3,56,3,30,3,18,Brick,2,Autumn,Yes
43.1,54,7,10,4,38,Mud,2,Summer,Yes
29.6,51,19,97,2,14,Mud,2,Spring,Yes
20.6,73,12,4,2,22,Concrete,2,Autumn,No
32.3,39,12,47,2,8,Brick,2,Autumn,Yes
34.5,84,0,94,6,15,Mud,3,Summer,Yes
18.4,55,20,4,1,17,Concrete,1,Winter,No
10.2,40,4,23,1,12,Brick,0,Winter,No
39.9,68,4,87,5,8,Brick,2,Summer,Yes
24.8,60,12,66,2,39,Mud,2,Spring,No
40.8,87,2,73,0,32,Concrete,3,Summer,Yes
25.5,51,15,79,5,8,Mud,2,Autumn,No
17.4,56,14,94,6,32,Brick,0,Winter,No
44.7,77,6,45,3,16,Mud,3,Summer,Yes
10.9,46,14,36,1,14,Brick,0,Winter,No
14.0,58,13,15,3,11,Mud,0,Winter,No
18.3,48,16,81,2,35,Brick,1,Winter,No
12.5,41,21,23,1,16,Brick,0,Winter,No
25.3,66,2,9,5,11,Concrete,0,Spring,Yes
33.7,37,7,81,4,33,Brick,2,Autumn,Yes
38.7,93,20,84,3,33,Brick,2,Summer,Yes
23.8,48,14,23,2,20,Brick,1,Spring,No
35.0,85,22,67,6,36,Brick,3,Summer,Yes
43.7,71,13,53,5,28,Mud,3,Summer,Yes
44.6,91,3,96,4,28,Brick,2,Summer,Yes
23.4,33,4,80,2,27,Concrete,1,Winter,No
26.3,36,2,52,4,13,Brick,1,Spring,No
43.0,57,22,80,3,24,Brick,3,Summer,Yes
11.2,47,15,73,2,38,Brick,0,Winter,No
34.6,84,19,36,3,18,Mud,1,Summer,Yes
23.4,39,17,17,3,39,Concrete,1,Spring,No
29.5,72,20,96,2,11,Concrete,2,Autumn,No
41.7,74,0,9,3,31,Mud,3,Summer,Yes
30.9,63,17,78,3,11,Concrete,3,Spring,No
19.7,61,23,2,4,12,Mud,1,Autumn,No
12.0,52,20,78,5,14,Concrete,0,Winter,No
10.7,58,14,98,5,39,Concrete,0,Winter,No
30.4,44,20,70,5,35,Mud,2,Autumn,Yes
44.5,70,3,82,5,9,Mud,3,Summer,Yes
30.9,58,1,62,0,9,Concrete,2,Summer,Yes
12.6,43,23,59,3,25,Brick,0,Winter,No
22.8,66,10,58,3,31,Brick,2,Autumn,No
36.9,91,11,13,0,40,Mud,3,Summer,Yes
40.8,56,23,41,1,21,Mud,3,Summer,Yes
15.9,46,11,14,1,11,Brick,0,Winter,No
35.4,75,5,79,2,26,Brick,3,Summer,Yes
42.5,75,21,12,6,36,Brick,3,Summer,Yes
25.9,55,0,11,0,10,Concrete,0,Autumn,No
20.4,60,7,6,5,37,Concrete,2,Spring,No
18.4,30,16,12,3,20,Concrete,1,Winter,No
27.6,40,16,76,2,38,Mud,1,Spring,No
12.3,52,10,84,6,40,Brick,1,Winter,No
16.3,59,9,33,0,35,Brick,0,Winter,No
22.7,56,22,4,4,15,Mud,1,Winter,No
19.2,44,5,84,5,36,Brick,0,Spring,No
15.1,52,17,54,6,19,Concrete,0,Winter,No
26.1,52,21,30,4,11,Brick,1,Autumn,No
15.6,59,23,92,4,28,Mud,0,Winter,No
23.0,54,10,42,2,12,Mud,1,Winter,No
46.7,76,19,62,6,23,Concrete,3,Summer,Yes
30.5,53,20,7,0,24,Brick,2,Autumn,No
33.8,64,3,29,5,32,Brick,2,Autumn,Yes
20.9,63,11,88,6,36,Concrete,1,Winter,No
17.8,46,12,81,1,38,Concrete,0,Winter,No
11.5,62,16,77,4,29,Concrete,0,Winter,No
13.3,57,2,62,1,36,Mud,0,Winter,No
15.6,54,21,61,4,16,Concrete,0,Winter,No
26.3,43,10,40,0,17,Concrete,0,Spring,No
28.0,49,19,53,6,29,Brick,1,Spring,Yes
29.2,46,17,60,0,20,Concrete,2,Autumn,No
18.9,47,4,56,0,17,Brick,0,Spring,No
30.0,53,12,54,6,17,Concrete,2,Autumn,No
26.5,74,17,21,4,28,Mud,1,Autumn,Yes
22.2,52,0,28,0,26,Concrete,1,Winter,No
31.9,55,16,25,5,30,Concrete,1,Spring,Yes
19.1,61,7,96,5,24,Brick,0,Winter,No
10.6,31,5,57,0,40,Brick,0,Winter,No
15.4,45,18,6,6,31,Mud,0,Winter,No
18.0,45,2,41,6,13,Brick,0,Spring,No
28.9,35,11,84,3,16,Brick,2,Spring,No
33.9,83,7,24,6,23,Brick,2,Summer,Yes
11.9,31,0,92,0,8,Mud,0,Winter,No
34.1,53,13,23,4,30,Mud,3,Summer,Yes
20.8,59,23,86,2,16,Concrete,1,Winter,No
23.8,64,19,14,2,26,Brick,1,Autumn,No
19.1,62,20,3,5,19,Mud,0,Spring,No
42.6,87,7,12,6,12,Mud,2,Summer,Yes
17.1,50,2,100,1,8,Mud,1,Winter,No
22.6,33,21,41,3,13,Mud,0,Winter,No
27.3,56,23,84,1,8,Brick,1,Spring,No
26.6,41,13,53,2,32,Brick,1,Spring,No
24.7,62,22,51,6,8,Concrete,1,Autumn,No
22.5,53,9,16,4,23,Concrete,0,Winter,No
32.6,40,5,21,2,23,Brick,3,Autumn,No
42.6,79,17,53,5,39,Mud,3,Summer,Yes
31.7,75,0,20,3,32,Mud,3,Summer,Yes
45.1,78,9,63,2,19,Brick,3,Summer,Yes
25.5,59,1,19,2,20,Brick,0,Autumn,No
35.8,51,22,73,1,14,Concrete,3,Summer,Yes
12.6,33,11,52,0,23,Mud,0,Winter,No
28.4,61,11,89,0,15,Mud,2,Autumn,No
33.8,45,14,99,2,39,Mud,1,Autumn,Yes
31.6,86,20,75,4,21,Mud,2,Summer,Yes
27.3,56,12,74,5,17,Brick,1,Autumn,Yes
33.5,77,22,41,0,15,Mud,2,Summer,Yes
15.8,61,1,45,1,16,Brick,1,Winter,No
34.2,64,5,29,1,9,Concrete,2,Summer,Yes
25.4,67,9,54,5,22,Mud,0,Spring,Yes
31.3,40,3,37,3,39,Mud,1,Spring,Yes
23.1,43,21,61,0,23,Brick,1,Autumn,No
31.1,67,17,37,3,35,Concrete,2,Autumn,No
29.1,40,15,62,0,32,Concrete,2,Spring,No
26.9,61,0,55,6,17,Mud,1,Spring,Yes
18.9,39,11,39,1,38,Brick,0,Winter,No
40.2,53,11,62,6,25,Mud,3,Summer,Yes
16.3,41,6,90,5,32,Concrete,0,Winter,No
31.3,60,8,74,5,21,Brick,2,Spring,Yes
24.7,51,4,65,2,19,Brick,1,Autumn,No
19.3,34,15,74,4,18,Brick,0,Winter,No
21.9,35,21,67,1,12,Mud,0,Autumn,No
45.5,83,4,97,3,26,Concrete,3,Summer,Yes
35.4,81,17,98,3,21,Brick,2,Summer,Yes
27.8,49,10,17,6,35,Brick,1,Autumn,Yes
35.7,88,19,24,2,38,Concrete,3,Summer,Yes
43.0,60,18,10,3,28,Mud,3,Summer,Yes
26.2,50,8,41,2,15,Concrete,2,Spring,No
14.7,45,19,13,5,15,Concrete,0,Winter,No
21.1,40,22,15,0,21,Brick,2,Autumn,No
11.9,50,18,25,1,23,Brick,0,Winter,No
15.9,60,12,55,1,24,Brick,0,Winter,No
26.3,39,2,69,5,11,Brick,1,Autumn,No
19.4,64,18,35,2,33,Concrete,1,Winter,No
28.5,60,19,16,3,15,Mud,3,Spring,Yes
17.5,61,6,6,3,9,Mud,0,Winter,No
19.1,56,19,34,1,8,Concrete,1,Winter,No
19.5,40,10,39,3,32,Mud,0,Autumn,No
37.9,63,8,41,1,28,Concrete,2,Summer,Yes
12.5,37,1,83,0,21,Concrete,0,Winter,No
23.5,41,21,96,6,39,Mud,1,Spring,No
28.3,65,0,57,5,26,Concrete,2,Spring,No
18.4,43,11,62,1,17,Concrete,1,Winter,No
21.8,49,3,52,1,18,Brick,1,Spring,No
13.0,50,21,78,4,33,Concrete,0,Winter,No
19.0,41,8,21,3,27,Mud,0,Autumn,No
12.9,33,10,52,1,10,Concrete,0,Winter,No
15.0,34,8,26,6,28,Mud,1,Winter,No
11.5,31,2,46,4,21,Concrete,0,Winter,No
46.9,55,10,4,1,21,Brick,3,Summer,Yes
20.7,67,23,32,3,25,Concrete,1,Autumn,No
32.2,72,15,32,1,14,Mud,3,Summer,Yes
23.7,50,10,80,4,20,Concrete,1,Spring,No
26.0,67,9,46,2,29,Brick,1,Spring,No
19.3,45,3,50,5,39,Mud,0,Spring,No
29.6,48,23,93,1,27,Brick,1,Spring,Yes
30.9,67,13,98,0,28,Brick,2,Spring,No
44.5,51,5,50,1,23,Mud,3,Summer,Yes
24.0,69,13,5,1,30,Concrete,1,Autumn,No
33.4,41,19,86,5,14,Brick,3,Autumn,No
25.7,44,13,64,6,32,Brick,1,Autumn,No
21.1,51,5,84,0,17,Brick,2,Winter,No
37.9,69,16,58,1,28,Brick,3,Summer,Yes
25.3,58,22,21,3,12,Mud,1,Spring,No
24.5,43,19,41,6,16,Brick,2,Autumn,No
24.0,37,8,3,1,25,Concrete,2,Spring,No
35.1,73,21,39,0,18,Concrete,2,Summer,Yes
20.5,72,17,54,0,38,Brick,1,Autumn,No
23.6,40,7,79,1,24,Concrete,0,Winter,No
44.1,62,3,98,4,35,Concrete,2,Summer,Yes
39.2,93,21,21,6,22,Brick,3,Summer,Yes
23.5,59,2,9,5,10,Concrete,1,Spring,No
30.6,64,3,86,1,17,Mud,2,Summer,Yes
21.8,74,13,4,2,13,Mud,0,Autumn,Yes
26.6,61,15,80,1,24,Brick,2,Autumn,No
19.3,63,11,22,2,22,Concrete,0,Spring,No
33.1,77,7,18,4,13,Brick,2,Summer,Yes
23.1,53,18,18,5,11,Brick,1,Winter,No
31.9,38,11,51,3,38,Mud,2,Spring,Yes
30.9,68,14,99,0,23,Concrete,2,Summer,Yes
28.4,64,18,91,2,23,Concrete,2,Autumn,No
41.4,78,22,97,4,20,Brick,3,Summer,Yes
37.8,73,5,60,5,19,Mud,3,Summer,Yes
22.4,40,13,11,0,39,Mud,0,Autumn,No
45.0,82,18,17,4,35,Brick,3,Summer,Yes
22.3,41,9,12,4,26,Brick,0,Spring,No
42.7,54,19,20,3,22,Mud,3,Summer,Yes
23.5,63,17,24,6,32,Brick,1,Spring,Yes
22.2,65,8,90,1,25,Concrete,1,Spring,No
34.0,65,11,61,3,37,Concrete,2,Autumn,Yes
10.2,50,11,47,3,24,Brick,0,Winter,No
13.2,44,4,80,0,35,Concrete,1,Winter,No
23.6,61,6,83,4,28,Brick,1,Spring,No
12.7,62,17,5,4,39,Brick,1,Winter,No
12.5,37,19,98,1,38,Mud,0,Winter,No
13.9,61,8,97,3,16,Brick,0,Winter,No
43.1,76,9,74,5,35,Mud,3,Summer,Yes
12.9,37,21,52,5,34,Mud,0,Winter,No
20.6,41,4,57,2,22,Concrete,1,Spring,No
24.6,54,15,40,1,38,Mud,1,Autumn,No
16.6,34,4,17,1,21,Mud,0,Winter,No
22.3,53,14,27,0,16,Mud,2,Autumn,No
21.9,52,9,25,0,10,Brick,1,Winter,No
31.6,41,5,85,0,15,Mud,3,Autumn,No
42.9,77,3,12,5,13,Brick,3,Summer,Yes
42.7,92,1,82,1,32,Mud,2,Summer,Yes
38.6,72,13,86,2,35,Concrete,2,Summer,Yes
38.9,85,19,19,2,34,Concrete,3,Summer,Yes
23.6,49,15,66,3,10,Mud,1,Autumn,No
29.0,69,14,38,4,40,Concrete,2,Spring,Yes
26.5,45,15,94,5,39,Mud,1,Spring,No
18.8,35,10,35,5,36,Mud,0,Spring,No
20.5,48,6,53,6,15,Concrete,1,Winter,No
34.2,83,19,23,2,8,Concrete,2,Summer,Yes
39.0,54,11,12,3,10,Mud,3,Summer,Yes
26.1,57,3,14,1,40,Concrete,2,Spring,No
13.0,34,2,18,0,20,Concrete,0,Winter,No
27.3,37,2,78,0,28,Concrete,1,Autumn,No
37.6,81,8,16,3,10,Concrete,2,Summer,Yes
21.8,35,16,33,6,30,Concrete,0,Winter,No
21.0,50,16,65,6,11,Brick,1,Spring,No
40.4,63,3,62,6,12,Brick,3,Summer,Yes
16.3,31,9,43,0,40,Brick,0,Winter,No
38.0,60,12,50,0,28,Concrete,3,Summer,Yes
42.5,55,1,41,3,30,Concrete,3,Summer,Yes
25.2,54,14,18,2,15,Mud,0,Autumn,Yes
42.5,81,0,21,3,40,Concrete,2,Summer,Yes
27.0,40,7,41,2,33,Mud,2,Spring,No
44.4,66,23,81,1,31,Mud,2,Summer,Yes
33.8,46,2,53,2,29,Concrete,3,Autumn,No
44.2,60,7,94,3,15,Concrete,3,Summer,Yes
22.5,69,15,55,0,26,Brick,1,Spring,No
35.7,69,7,53,0,22,Concrete,3,Summer,Yes
39.4,58,4,2,6,18,Mud,3,Summer,Yes
10.8,62,13,81,0,8,Mud,0,Winter,No
19.0,64,10,81,4,37,Mud,0,Spring,No
32.6,90,4,81,4,12,Brick,3,Summer,Yes
24.7,60,18,36,5,15,Mud,1,Spring,Yes
16.1,49,15,25,4,28,Concrete,0,Winter,No
26.4,62,16,24,1,9,Mud,1,Spring,Yes
21.5,49,22,44,1,28,Mud,2,Winter,No
20.7,62,17,97,1,37,Concrete,1,Winter,No
27.8,72,14,48,2,29,Mud,1,Autumn,Yes
44.4,75,12,47,5,24,Brick,3,Summer,Yes
20.4,48,5,73,3,27,Brick,1,Spring,No
29.9,67,18,24,4,28,Concrete,2,Spring,Yes
20.4,53,2,67,4,36,Mud,1,Autumn,No
22.7,46,0,85,5,25,Concrete,1,Spring,No
32.0,65,21,69,3,17,Mud,2,Summer,Yes
20.0,39,5,44,4,21,Brick,1,Spring,No
36.4,64,15,76,0,21,Mud,3,Summer,Yes
24.0,35,20,53,1,27,Mud,1,Autumn,No
19.4,38,18,84,6,18,Brick,0,Spring,No
40.8,51,6,93,6,40,Mud,3,Summer,Yes
14.7,33,23,19,0,10,Concrete,0,Winter,No
25.6,53,0,13,1,9,Concrete,1,Autumn,No
15.9,30,22,73,3,40,Mud,0,Winter,No
21.9,68,9,86,6,20,Brick,2,Spring,No
18.4,49,9,56,1,31,Mud,0,Spring,No
22.9,58,7,72,3,23,Brick,2,Spring,No
22.6,45,8,74,0,26,Mud,1,Winter,No
33.0,54,5,61,1,31,Brick,3,Autumn,Yes
17.3,58,12,78,1,22,Mud,1,Winter,No
11.5,51,18,24,2,17,Mud,0,Winter,No
23.4,69,8,34,2,18,Mud,1,Spring,No
32.9,38,1,50,5,25,Brick,2,Autumn,Yes
32.3,41,10,12,5,31,Brick,3,Autumn,No
30.3,67,0,9,1,29,Mud,2,Autumn,No
44.6,65,2,75,1,40,Mud,3,Summer,Yes
24.0,49,1,88,1,16,Concrete,1,Spring,No
37.1,71,6,37,3,9,Brick,3,Summer,Yes
22.1,41,16,97,0,33,Concrete,2,Autumn,No
32.9,60,19,30,4,18,Concrete,1,Summer,Yes
31.0,61,8,60,1,34,Mud,2,Summer,Yes
32.0,67,22,26,6,16,Brick,2,Summer,Yes
20.2,41,17,10,5,40,Brick,2,Spring,No
19.4,70,2,59,6,29,Brick,0,Autumn,No
20.7,68,13,90,6,16,Brick,0,Spring,No
35.8,76,15,45,0,34,Brick,3,Summer,Yes
23.2,68,20,54,3,17,Mud,1,Spring,No
20.8,59,6,31,4,18,Brick,1,Spring,No
26.2,48,6,97,2,25,Concrete,1,Spring,No
27.8,53,23,80,3,8,Brick,0,Spring,Yes
42.3,54,20,87,4,28,Brick,3,Summer,Yes
18.6,38,13,71,1,13,Brick,0,Autumn,No
27.9,65,7,20,4,11,Concrete,1,Spring,No
31.6,40,16,59,4,15,Mud,1,Spring,Yes
10.1,40,22,73,6,39,Concrete,0,Winter,No
22.5,62,12,56,3,17,Concrete,2,Spring,No
20.5,55,18,35,1,17,Mud,1,Spring,No
18.5,73,1,2,2,32,Mud,1,Autumn,No
18.0,32,10,50,5,27,Brick,1,Winter,No
27.7,42,20,84,2,26,Mud,0,Spring,Yes
34.9,75,0,73,0,10,Concrete,3,Summer,Yes
10.8,49,20,74,1,23,Brick,0,Winter,No
46.8,74,9,15,4,35,Mud,3,Summer,Yes
41.6,84,6,83,2,10,Brick,3,Summer,Yes
21.5,47,20,36,0,12,Concrete,1,Spring,No
44.4,54,5,44,1,26,Mud,3,Summer,Yes
20.5,30,2,7,5,27,Concrete,1,Winter,No
46.9,93,6,40,1,24,Brick,3,Summer,Yes
45.2,55,9,81,1,16,Brick,2,Summer,Yes
28.9,71,23,50,2,14,Brick,1,Autumn,Yes
31.1,74,20,94,5,12,Mud,2,Summer,Yes
29.6,39,1,5,4,35,Concrete,3,Autumn,No
35.5,78,22,70,1,39,Brick,3,Summer,Yes
47.0,72,3,0,1,30,Brick,3,Summer,Yes
26.2,53,18,59,2,29,Brick,1,Spring,No
39.1,51,14,78,0,11,Brick,3,Summer,Yes
18.3,39,4,22,0,32,Concrete,0,Winter,No
24.2,64,20,3,5,20,Brick,0,Spring,Yes
15.2,48,22,95,2,24,Mud,0,Winter,No
24.1,68,18,80,5,26,Brick,2,Autumn,No
22.9,33,22,89,4,25,Brick,1,Winter,No
18.5,56,16,78,6,24,Mud,0,Spring,No
26.5,68,18,64,6,23,Brick,0,Autumn,No
21.7,42,3,2,1,38,Mud,0,Winter,No
26.8,54,7,92,3,12,Concrete,2,Spring,No
40.5,77,15,51,4,25,Concrete,3,Summer,Yes
18.2,35,19,51,2,24,Brick,0,Spring,No
20.8,59,7,94,2,26,Brick,1,Autumn,No
27.7,54,23,2,1,16,Brick,0,Spring,Yes
42.7,61,12,68,4,18,Mud,2,Summer,Yes
18.3,50,15,56,4,32,Concrete,0,Autumn,No
44.6,91,2,13,6,20,Concrete,2,Summer,Yes
16.2,30,20,33,1,13,Brick,0,Winter,No
28.4,69,2,82,2,32,Mud,2,Autumn,No
24.6,71,20,67,3,23,Concrete,0,Autumn,No
34.0,85,15,5,2,17,Concrete,2,Summer,Yes
24.9,66,7,19,2,36,Concrete,2,Spring,No
21.7,58,22,90,3,12,Brick,1,Autumn,No
11.2,44,14,50,5,37,Brick,0,Winter,No
20.9,43,19,38,1,31,Concrete,1,Spring,No
30.3,60,8,73,6,34,Brick,3,Spring,Yes
29.4,48,17,6,3,38,Brick,2,Spring,Yes
21.8,62,16,40,6,21,Mud,1,Winter,No
19.1,64,13,39,3,17,Brick,0,Autumn,No
38.5,77,2,47,5,34,Brick,3,Summer,Yes
20.5,38,13,67,1,33,Mud,1,Autumn,No
46.1,83,9,38,0,36,Concrete,3,Summer,Yes
18.5,72,9,94,6,36,Brick,0,Autumn,No
38.0,80,12,90,2,15,Mud,3,Summer,Yes
13.5,58,3,3,6,39,Brick,1,Winter,No
38.7,60,22,81,1,19,Brick,2,Summer,Yes
32.3,57,9,52,6,37,Mud,2,Summer,Yes
24.4,35,19,18,0,25,Brick,1,Spring,No
20.8,43,18,86,2,23,Mud,0,Autumn,No
13.2,57,0,73,3,35,Mud,1,Winter,No
29.2,56,16,57,3,22,Concrete,1,Autumn,No
23.2,52,12,44,0,30,Concrete,2,Winter,No
45.1,56,1,22,5,27,Brick,3,Summer,Yes
11.6,42,18,10,0,29,Brick,0,Winter,No
39.2,76,22,45,2,25,Mud,3,Summer,Yes
27.3,68,12,63,5,19,Brick,1,Autumn,Yes
18.9,50,14,61,0,17,Brick,0,Spring,No
10.6,38,4,88,1,30,Mud,0,Winter,No
26.4,43,10,10,6,32,Brick,0,Spring,Yes
29.8,46,1,46,1,15,Concrete,2,Autumn,No
24.5,42,19,76,4,19,Brick,1,Spring,Yes
21.0,52,9,43,3,22,Mud,1,Winter,No
10.9,32,18,72,2,28,Brick,1,Winter,No
46.0,67,11,66,6,22,Brick,3,Summer,Yes
35.4,73,2,41,2,35,Brick,3,Summer,Yes
18.7,34,21,46,0,8,Mud,0,Winter,No
23.6,46,12,54,0,12,Mud,1,Spring,No
33.8,57,9,2,3,39,Mud,1,Summer,Yes
27.9,60,14,54,6,32,Concrete,1,Autumn,Yes
23.4,38,10,94,2,12,Concrete,1,Spring,No
18.9,51,22,39,3,28,Mud,0,Autumn,No
20.2,59,19,24,1,36,Mud,1,Spring,No
12.3,34,16,60,0,13,Brick,0,Winter,No
40.1,76,13,20,6,26,Concrete,3,Summer,Yes
19.2,66,5,66,0,13,Mud,1,Spring,No
23.9,69,3,32,3,34,Concrete,2,Spring,No
32.5,71,21,80,3,14,Mud,1,Summer,Yes
19.6,48,17,59,0,16,Brick,0,Autumn,No
33.1,61,11,20,4,16,Concrete,2,Summer,Yes
42.1,55,5,72,4,36,Brick,2,Summer,Yes
31.1,83,5,50,0,39,Mud,2,Summer,Yes
23.0,56,21,55,6,26,Brick,1,Autumn,No
19.6,59,19,64,4,23,Brick,0,Autumn,No
31.9,61,7,8,5,32,Mud,3,Summer,Yes
34.7,89,17,77,6,16,Brick,2,Summer,Yes
38.1,54,2,57,1,18,Mud,2,Summer,Yes
36.4,71,18,38,0,20,Mud,3,Summer,Yes
30.1,61,7,18,4,28,Brick,3,Summer,Yes
28.5,42,23,17,3,18,Concrete,2,Spring,No
19.1,52,0,79,4,28,Brick,0,Winter,No
13.8,38,14,81,3,12,Concrete,0,Winter,No
20.5,43,3,73,0,22,Mud,2,Spring,No
44.8,50,21,66,2,8,Brick,2,Summer,Yes
19.2,51,7,78,5,33,Brick,0,Winter,No
45.6,67,20,17,6,13,Concrete,3,Summer,Yes
15.5,59,14,26,1,13,Concrete,0,Winter,No
40.9,52,16,58,2,31,Mud,3,Summer,Yes
28.0,57,14,66,0,22,Brick,1,Spring,No
21.8,57,3,92,2,34,Brick,0,Spring,No
32.2,64,14,69,5,39,Brick,3,Summer,Yes
20.1,47,18,57,5,26,Concrete,1,Winter,No
23.9,31,1,6,1,35,Brick,1,Winter,No
20.9,48,0,16,4,17,Mud,0,Autumn,No
10.8,42,18,92,3,18,Concrete,1,Winter,No
40.2,52,16,23,0,10,Mud,3,Summer,Yes
42.1,58,13,99,3,30,Mud,3,Summer,Yes
17.1,51,22,76,1,34,Mud,0,Winter,No
44.7,72,3,14,4,17,Mud,2,Summer,Yes
41.0,84,9,25,3,27,Mud,3,Summer,Yes
32.7,38,17,65,3,38,Brick,1,Autumn,Yes
11.3,51,8,17,4,40,Brick,0,Winter,No
13.9,57,1,33,5,17,Concrete,0,Winter,No
21.3,64,16,47,1,17,Brick,1,Winter,No
31.7,79,12,16,0,12,Concrete,2,Summer,Yes
30.6,68,13,72,6,33,Mud,2,Spring,Yes
32.1,46,7,47,0,40,Brick,2,Autumn,No
21.3,33,2,81,2,17,Mud,0,Winter,No
16.7,49,20,34,0,15,Mud,0,Winter,No
23.4,40,14,17,4,30,Brick,2,Winter,No
35.5,81,22,10,4,29,Mud,2,Summer,Yes
18.9,31,15,13,2,9,Brick,0,Winter,No
38.4,54,5,49,0,39,Concrete,3,Summer,Yes
23.2,46,7,45,1,36,Brick,0,Winter,No
18.4,64,7,7,0,38,Concrete,0,Winter,No
18.9,41,17,87,0,11,Brick,0,Spring,No
43.6,53,13,61,1,35,Brick,3,Summer,Yes
23.2,46,6,70,0,10,Brick,1,Winter,No
22.7,44,21,52,1,19,Concrete,0,Autumn,No
41.4,87,19,13,4,37,Brick,2,Summer,Yes
14.6,57,4,50,2,19,Brick,0,Winter,No
35.4,58,8,27,4,36,Brick,3,Summer,Yes
32.3,76,8,44,0,37,Mud,3,Summer,Yes
37.2,77,0,66,6,25,Concrete,2,Summer,Yes
26.9,53,12,20,3,30,Brick,2,Autumn,No
19.9,48,16,24,6,29,Brick,1,Spring,No
19.7,30,11,65,5,10,Concrete,0,Winter,No
31.0,51,12,37,1,36,Mud,2,Autumn,Yes
30.9,72,11,30,4,15,Brick,2,Summer,Yes
31.8,54,8,27,4,11,Mud,2,Autumn,Yes
32.8,51,10,82,5,26,Brick,3,Autumn,Yes
35.6,69,7,44,0,27,Mud,2,Summer,Yes
30.3,55,3,34,0,30,Concrete,2,Spring,No
39.5,78,0,3,0,13,Concrete,3,Summer,Yes
21.1,64,6,45,3,34,Mud,1,Winter,No
40.5,67,7,48,2,34,Brick,3,Summer,Yes
25.7,68,16,43,5,35,Concrete,2,Spring,No
27.9,37,20,91,3,26,Brick,1,Spring,Yes
17.0,54,7,59,6,8,Concrete,0,Winter,No
29.5,64,18,34,2,21,Brick,2,Autumn,No
42.2,88,0,57,5,24,Concrete,3,Summer,Yes
29.3,39,23,24,6,22,Concrete,2,Autumn,No
43.0,91,12,52,4,36,Mud,3,Summer,Yes
19.5,67,3,38,5,39,Mud,0,Spring,No
19.9,46,7,80,4,15,Brick,0,Winter,No
26.7,56,21,45,1,12,Brick,1,Autumn,No
21.9,41,11,87,4,26,Brick,1,Winter,No
38.5,74,22,51,4,22,Brick,3,Summer,Yes
23.6,48,7,82,5,36,Brick,2,Winter,No
32.4,60,7,89,3,17,Brick,3,Summer,Yes
31.3,64,1,77,4,34,Brick,2,Summer,Yes
24.2,39,11,75,5,20,Concrete,1,Autumn,No
10.6,40,11,100,3,36,Concrete,1,Winter,No
19.8,35,12,99,1,22,Mud,0,Spring,No
13.2,62,8,66,2,18,Brick,1,Winter,No
36.2,65,3,84,2,17,Brick,2,Summer,Yes
28.7,73,8,56,5,37,Brick,2,Autumn,No
23.5,48,14,78,2,23,Mud,2,Winter,No
26.6,58,15,27,4,8,Concrete,0,Autumn,Yes
36.0,60,9,27,1,22,Mud,2,Summer,Yes
14.4,60,20,8,3,13,Brick,1,Winter,No
22.7,46,21,24,4,20,Brick,1,Winter,No
26.1,43,21,36,5,28,Mud,1,Spring,No
23.2,72,13,30,1,36,Brick,0,Autumn,No
20.6,36,18,9,4,19,Concrete,1,Spring,No
18.4,51,2,79,3,15,Brick,0,Winter,No
16.0,56,17,89,0,16,Brick,0,Winter,No
14.6,38,16,82,3,37,Concrete,0,Winter,No
44.5,83,21,84,2,32,Concrete,3,Summer,Yes
38.8,80,20,15,3,31,Concrete,3,Summer,Yes
42.9,86,13,94,1,37,Brick,3,Summer,Yes
22.1,54,17,96,5,34,Mud,0,Autumn,No
31.5,69,2,72,1,16,Concrete,2,Summer,Yes
17.2,56,10,15,5,28,Brick,0,Winter,No
20.6,53,3,99,3,18,Mud,1,Autumn,No
38.7,60,8,22,4,17,Concrete,3,Summer,Yes
30.7,60,8,49,3,31,Mud,2,Autumn,No
21.7,39,22,42,1,19,Concrete,2,Winter,No
27.8,53,0,22,4,18,Mud,0,Spring,Yes
41.0,72,18,65,2,8,Mud,2,Summer,Yes
10.3,39,1,15,3,29,Brick,1,Winter,No
32.3,89,13,22,0,31,Brick,2,Summer,Yes
44.3,69,15,77,2,28,Brick,2,Summer,Yes
34.6,55,7,81,6,28,Brick,2,Summer,Yes
22.1,56,1,44,4,30,Mud,1,Spring,No
40.9,73,15,7,4,9,Brick,3,Summer,Yes
14.0,63,12,42,3,17,Brick,0,Winter,No
21.3,35,10,67,4,22,Brick,0,Winter,No
31.3,37,13,32,1,26,Mud,2,Spring,Yes
20.9,40,2,82,0,27,Brick,0,Spring,No
15.9,64,8,72,3,38,Brick,0,Winter,No
31.6,68,22,42,1,24,Brick,2,Autumn,No
27.9,40,17,31,0,21,Mud,0,Autumn,Yes
29.3,44,12,10,2,24,Concrete,3,Autumn,No
26.2,61,0,47,5,36,Brick,1,Autumn,No
39.3,67,15,78,3,24,Concrete,3,Summer,Yes
17.8,37,5,54,5,35,Mud,1,Winter,No
38.7,81,0,61,3,10,Brick,3,Summer,Yes
11.0,39,22,18,5,14,Brick,0,Winter,No
11.3,60,21,86,2,11,Concrete,1,Winter,No
18.3,44,4,99,0,39,Mud,0,Winter,No
19.7,64,6,94,2,19,Brick,0,Winter,No
23.4,33,13,14,6,25,Mud,0,Winter,No
12.0,54,11,97,4,20,Brick,0,Winter,No
19.0,38,10,22,0,23,Concrete,1,Spring,No
19.1,64,7,0,1,15,Mud,0,Spring,No
20.0,30,6,36,6,36,Mud,1,Winter,No
20.1,49,3,24,4,17,Mud,2,Spring,No
39.3,61,15,25,5,22,Mud,3,Summer,Yes
14.4,44,21,73,5,16,Brick,0,Winter,No
26.2,72,4,35,5,29,Brick,0,Autumn,Yes
29.9,53,9,4,5,37,Concrete,1,Spring,Yes
21.6,50,15,24,2,16,Brick,1,Spring,No
39.3,72,10,66,5,18,Mud,3,Summer,Yes
33.5,68,17,71,5,13,Brick,1,Autumn,Yes
27.7,63,21,89,1,33,Brick,1,Spring,No
15.7,43,10,65,3,26,Mud,0,Winter,No
28.2,38,7,47,3,37,Brick,2,Spring,No
11.4,62,17,77,4,35,Mud,0,Winter,No
40.6,65,16,51,6,22,Brick,3,Summer,Yes
19.5,46,23,71,0,32,Concrete,0,Autumn,No
30.3,59,12,34,5,18,Brick,3,Autumn,Yes
31.3,44,13,80,4,37,Brick,3,Spring,No
38.1,75,19,52,6,29,Brick,3,Summer,Yes
30.3,82,2,50,0,36,Brick,2,Summer,Yes
30.6,52,9,51,3,22,Mud,2,Summer,Yes
21.5,43,11,54,2,22,Brick,1,Spring,No
19.1,62,10,23,1,29,Mud,1,Autumn,No
34.2,73,17,1,6,21,Brick,2,Summer,Yes
46.9,61,7,72,5,12,Brick,3,Summer,Yes
29.6,57,18,12,6,31,Brick,3,Autumn,Yes
11.9,35,1,95,3,15,Brick,0,Winter,No
25.3,37,22,11,0,37,Mud,0,Spring,No
19.7,38,14,2,5,38,Mud,0,Autumn,No
19.8,56,5,36,0,22,Mud,0,Winter,No
31.2,58,23,25,4,23,Mud,2,Summer,Yes
22.2,36,17,60,6,13,Brick,1,Winter,No
20.3,43,18,71,0,26,Brick,2,Winter,No
43.3,57,23,83,0,23,Brick,3,Summer,Yes
18.3,74,4,60,5,17,Mud,0,Autumn,No
19.1,48,20,3,3,23,Concrete,0,Autumn,No
22.5,55,19,93,4,31,Brick,2,Autumn,No
47.0,73,11,48,0,34,Concrete,2,Summer,Yes
30.0,66,6,59,4,39,Brick,2,Spring,Yes
20.5,35,21,91,6,15,Concrete,1,Autumn,No
11.0,56,14,52,5,21,Brick,0,Winter,No
38.0,68,6,72,1,40,Brick,2,Summer,Yes
35.9,84,22,1,4,8,Concrete,2,Summer,Yes
45.9,73,19,79,0,36,Brick,3,Summer,Yes
31.0,86,4,89,3,18,Brick,3,Summer,Yes
23.2,32,7,6,6,23,Concrete,0,Winter,No
17.2,50,19,90,0,8,Brick,0,Winter,No
30.3,39,10,88,5,25,Concrete,1,Autumn,Yes
30.9,72,21,24,4,36,Brick,2,Summer,Yes
17.6,63,22,66,6,40,Brick,0,Winter,No
32.5,82,10,3,1,37,Brick,1,Summer,Yes
20.1,34,17,19,5,37,Mud,1,Winter,No
16.6,33,20,51,6,24,Mud,0,Winter,No
20.6,40,6,52,1,29,Brick,1,Winter,No
32.7,88,18,68,5,33,Mud,2,Summer,Yes
45.6,83,11,37,2,36,Mud,3,Summer,Yes
32.6,78,6,95,5,39,Mud,1,Summer,Yes
20.5,53,12,61,1,15,Brick,1,Spring,No
13.3,40,0,97,2,34,Concrete,0,Winter,No
44.1,90,9,23,2,17,Brick,2,Summer,Yes
32.6,57,2,91,3,30,Brick,2,Autumn,Yes
33.6,50,14,65,6,29,Brick,2,Autumn,Yes
30.8,81,19,73,2,29,Brick,3,Summer,Yes
12.3,44,8,66,6,40,Mud,1,Winter,No
30.7,92,11,11,4,20,Mud,3,Summer,Yes
26.9,53,20,79,4,15,Concrete,1,Spring,No
14.0,56,12,100,3,36,Concrete,0,Winter,No
24.7,64,0,49,1,36,Concrete,0,Spring,No
37.8,50,3,46,2,34,Mud,3,Summer,Yes
38.8,68,20,88,6,12,Mud,3,Summer,Yes
28.7,69,5,74,0,25,Concrete,3,Spring,No
42.3,68,23,68,5,15,Brick,3,Summer,Yes
38.2,72,12,11,0,8,Concrete,2,Summer,Yes
10.4,53,9,99,4,24,Brick,0,Winter,No
28.2,51,6,22,0,23,Mud,2,Spring,No
43.1,80,12,73,2,8,Brick,3,Summer,Yes
29.4,38,3,56,4,40,Mud,2,Spring,Yes
30.3,61,19,16,4,20,Concrete,1,Spring,Yes
16.8,50,1,68,4,29,Concrete,1,Winter,No
38.6,85,10,92,0,29,Concrete,2,Summer,Yes
33.4,68,5,13,6,36,Mud,2,Summer,Yes
45.7,69,15,99,2,29,Brick,3,Summer,Yes
11.5,33,23,15,6,22,Brick,0,Winter,No
19.9,45,11,55,3,22,Brick,0,Spring,No
45.3,72,2,64,4,17,Brick,2,Summer,Yes
24.3,64,14,32,3,16,Brick,0,Spring,Yes
33.0,94,5,55,1,12,Brick,1,Summer,Yes
32.7,35,4,21,5,18,Brick,3,Autumn,Yes
11.7,53,10,79,6,21,Mud,0,Winter,No
45.6,89,9,45,1,10,Brick,3,Summer,Yes
30.2,59,6,69,1,22,Mud,2,Spring,Yes
11.6,40,9,13,4,10,Concrete,1,Winter,No
42.5,84,23,33,2,8,Brick,3,Summer,Yes
21.4,44,10,73,5,36,Brick,1,Spring,No
25.3,66,18,48,6,40,Brick,1,Spring,No
19.2,50,12,43,3,13,Brick,0,Spring,No
45.3,69,13,6,1,36,Brick,3,Summer,Yes
25.6,47,17,27,6,28,Mud,1,Spring,Yes
26.5,62,9,16,2,21,Brick,1,Spring,No
41.6,91,4,5,2,12,Brick,2,Summer,Yes
34.9,74,1,22,0,25,Brick,3,Summer,Yes
17.4,45,0,36,1,23,Concrete,0,Winter,No
19.0,71,22,32,3,36,Concrete,0,Autumn,No
27.2,52,2,57,5,15,Brick,1,Spring,Yes
16.3,63,0,79,0,24,Mud,0,Winter,No
32.0,50,22,92,1,27,Concrete,3,Spring,No
32.3,56,16,45,3,34,Mud,3,Summer,Yes
12.6,30,10,48,4,35,Concrete,0,Winter,No
16.5,46,19,97,5,10,Brick,0,Winter,No
41.6,68,20,51,2,39,Brick,2,Summer,Yes
39.2,90,13,36,5,22,Brick,3,Summer,Yes
20.5,44,23,41,5,33,Concrete,1,Spring,No
42.6,57,7,68,5,37,Mud,2,Summer,Yes
24.8,37,15,27,4,22,Brick,1,Autumn,No
32.3,83,18,3,1,20,Concrete,1,Summer,Yes
25.4,64,16,63,4,8,Mud,1,Autumn,Yes
28.9,65,15,91,0,27,Mud,2,Spring,No
21.4,45,12,70,1,27,Brick,1,Spring,No
36.6,89,8,60,1,38,Brick,3,Summer,Yes
19.7,58,2,70,5,20,Concrete,0,Autumn,No
21.8,58,16,20,3,9,Brick,2,Spring,No
22.0,42,21,18,6,36,Brick,1,Spring,No
19.6,45,5,80,0,15,Brick,1,Winter,No
30.0,53,2,67,4,38,Brick,2,Autumn,No
30.3,58,11,19,2,36,Brick,2,Spring,Yes
40.7,59,15,79,1,16,Brick,2,Summer,Yes
40.7,73,4,40,6,20,Brick,3,Summer,Yes
27.5,37,11,79,5,29,Brick,1,Autumn,No
23.7,51,5,94,1,22,Mud,1,Winter,No
12.2,60,1,49,3,16,Mud,0,Winter,No
18.4,56,14,57,4,34,Brick,1,Spring,No
24.5,37,12,21,5,34,Concrete,2,Spring,No
20.2,43,7,20,2,27,Mud,2,Spring,No
22.0,52,6,71,3,19,Brick,1,Winter,No
22.9,54,14,34,1,25,Concrete,0,Spring,No
28.8,58,16,65,5,31,Brick,2,Spring,Yes
20.2,56,4,6,2,36,Brick,1,Winter,No
31.4,55,12,88,3,28,Brick,2,Autumn,Yes
26.3,53,0,11,0,36,Mud,1,Spring,No
22.5,59,18,19,3,37,Concrete,1,Winter,No
23.6,49,5,15,6,27,Concrete,0,Spring,No
15.9,38,11,56,5,11,Concrete,0,Winter,No
40.2,72,1,56,1,31,Brick,2,Summer,Yes
40.6,57,0,36,2,17,Brick,2,Summer,Yes
25.1,55,23,61,1,21,Mud,1,Spring,No
18.1,47,10,42,2,9,Concrete,0,Winter,No
31.1,64,6,82,2,8,Brick,2,Spring,No
41.7,84,21,64,4,35,Concrete,3,Summer,Yes
18.6,56,19,22,3,36,Mud,0,Winter,No
18.6,35,18,76,2,38,Mud,1,Winter,No
30.9,68,12,70,4,26,Brick,2,Summer,Yes
16.2,40,2,21,5,38,Concrete,0,Winter,No
16.7,42,20,98,3,25,Mud,0,Winter,No
39.6,52,13,32,5,38,Brick,3,Summer,Yes
30.5,61,6,5,4,12,Brick,2,Spring,Yes
14.5,33,12,59,2,23,Brick,1,Winter,No
15.8,51,15,31,5,24,Brick,0,Winter,No
40.6,66,16,84,6,9,Mud,2,Summer,Yes
17.1,64,12,45,4,26,Mud,0,Winter,No
18.4,50,17,53,3,37,Brick,0,Autumn,No
19.4,34,21,11,6,30,Brick,0,Winter,No
20.4,50,20,17,2,23,Mud,0,Spring,No
19.2,64,1,90,3,36,Concrete,1,Autumn,No
23.3,43,14,3,2,17,Mud,0,Spring,Yes
11.4,45,11,80,3,38,Mud,0,Winter,No
32.6,40,4,41,2,21,Brick,2,Autumn,Yes
16.1,52,13,27,0,40,Brick,0,Winter,No
38.7,63,10,20,3,11,Concrete,3,Summer,Yes
29.3,50,18,59,6,40,Brick,2,Spring,Yes
39.9,77,9,15,6,37,Brick,2,Summer,Yes
32.7,40,11,47,6,29,Concrete,3,Autumn,Yes
39.8,89,22,72,5,13,Brick,3,Summer,Yes
24.1,72,4,79,0,13,Brick,1,Autumn,No
24.3,62,13,87,2,30,Concrete,1,Spring,No
13.7,59,2,74,3,10,Brick,0,Winter,No
47.0,77,14,29,6,14,Mud,3,Summer,Yes
35.9,56,9,54,0,10,Brick,3,Summer,Yes
44.7,91,8,4,2,12,Mud,3,Summer,Yes
22.8,55,18,26,5,17,Mud,1,Spring,Yes
41.3,61,6,83,1,17,Brick,2,Summer,Yes
35.1,66,1,70,5,32,Brick,2,Summer,Yes
41.2,83,15,65,5,37,Concrete,3,Summer,Yes
29.5,49,15,3,0,35,Concrete,3,Spring,No
29.0,39,1,83,0,18,Mud,3,Spring,No
41.1,73,16,30,1,32,Mud,3,Summer,Yes
43.3,82,22,19,1,15,Concrete,2,Summer,Yes
31.0,42,13,44,2,35,Brick,2,Spring,Yes
22.6,69,8,69,0,9,Brick,1,Spring,No
17.7,43,17,51,2,13,Mud,1,Winter,No
35.6,57,14,19,4,32,Brick,2,Summer,Yes
14.9,64,9,100,3,33,Mud,1,Winter,No
31.1,66,15,93,1,27,Brick,2,Autumn,No
28.2,44,2,51,5,23,Concrete,1,Spring,No
31.1,43,0,74,1,39,Mud,3,Autumn,No
37.6,52,0,3,4,24,Mud,3,Summer,Yes
19.0,56,10,19,0,10,Brick,0,Winter,No
30.9,64,19,14,5,23,Brick,1,Summer,Yes
23.2,34,18,20,6,30,Mud,1,Winter,No
47.0,84,0,8,0,21,Brick,3,Summer,Yes
20.3,49,15,41,4,32,Brick,1,Autumn,No
30.0,47,6,92,6,18,Mud,2,Spring,Yes
31.9,63,11,63,2,36,Brick,1,Summer,Yes
40.1,70,2,67,3,10,Brick,2,Summer,Yes
12.7,46,10,14,4,26,Brick,0,Winter,No
34.8,88,21,94,2,12,Concrete,3,Summer,Yes
26.3,42,20,35,2,35,Concrete,1,Autumn,No
18.0,38,23,67,3,8,Brick,0,Spring,No
27.9,58,18,67,0,23,Mud,0,Autumn,Yes
19.3,39,21,87,2,26,Brick,0,Winter,No
19.4,46,6,17,6,38,Mud,0,Spring,No
22.3,32,3,82,0,30,Concrete,1,Winter,No
28.8,55,5,85,5,32,Brick,2,Autumn,No
42.2,70,22,20,3,10,Brick,3,Summer,Yes
39.9,63,13,0,6,26,Brick,3,Summer,Yes
38.1,94,12,41,0,17,Concrete,3,Summer,Yes
18.4,61,13,43,2,31,Mud,0,Winter,No
40.7,89,5,15,3,10,Brick,2,Summer,Yes
27.0,64,3,62,6,8,Brick,1,Spring,Yes
14.3,38,10,73,1,40,Mud,0,Winter,No
28.0,49,11,4,1,26,Brick,2,Spring,No
26.7,63,5,77,4,35,Brick,0,Spring,Yes
26.3,37,4,36,2,17,Mud,2,Spring,No
20.5,55,10,52,0,17,Mud,1,Winter,No
30.5,53,8,66,4,35,Brick,3,Spring,Yes
38.8,78,21,58,1,40,Concrete,3,Summer,Yes
20.4,55,17,58,5,21,Mud,0,Spring,No
45.2,61,13,8,0,15,Concrete,3,Summer,Yes
22.6,48,16,86,4,9,Concrete,0,Winter,No
39.1,54,9,81,6,22,Mud,3,Summer,Yes
46.7,87,23,69,4,11,Mud,3,Summer,Yes
11.4,55,18,33,0,18,Concrete,1,Winter,No
35.5,53,9,91,2,17,Mud,3,Summer,Yes
20.5,54,22,91,4,39,Concrete,1,Autumn,No
43.4,80,7,90,2,30,Mud,2,Summer,Yes
33.5,44,0,76,2,17,Concrete,1,Autumn,Yes
16.9,56,10,24,0,9,Mud,1,Winter,No
23.0,64,14,65,2,35,Concrete,2,Spring,No
33.8,83,8,3,4,31,Brick,2,Summer,Yes
33.9,42,11,13,6,25,Brick,3,Autumn,Yes
25.4,44,18,82,0,30,Mud,0,Autumn,No
38.8,77,21,52,4,26,Brick,3,Summer,Yes
38.6,67,8,73,6,31,Concrete,2,Summer,Yes
31.3,78,16,51,5,24,Concrete,2,Summer,Yes
23.7,53,12,70,2,35,Brick,0,Spring,No
19.6,55,5,34,3,25,Brick,0,Winter,No
39.3,85,5,9,6,36,Brick,3,Summer,Yes
22.7,56,6,64,3,12,Concrete,2,Spring,No
21.0,46,16,100,5,36,Mud,1,Winter,No
27.3,61,12,45,3,38,Brick,0,Autumn,Yes
41.4,61,13,33,2,35,Brick,2,Summer,Yes
34.9,75,2,47,1,10,Brick,2,Summer,Yes
34.8,57,4,31,1,15,Concrete,3,Summer,Yes
13.6,46,3,74,5,39,Concrete,0,Winter,No
18.4,38,16,78,2,11,Concrete,0,Autumn,No
18.4,63,3,78,5,35,Concrete,0,Autumn,No
19.9,51,17,97,3,11,Brick,0,Spring,No
43.6,89,18,80,6,16,Brick,2,Summer,Yes
25.9,45,11,17,3,35,Concrete,2,Spring,No
22.0,69,7,60,1,11,Brick,1,Autumn,No
44.2,62,5,69,4,27,Mud,3,Summer,Yes
18.8,53,16,53,2,33,Brick,0,Spring,No
16.0,52,5,64,5,26,Mud,0,Winter,No
12.2,64,11,15,2,39,Mud,0,Winter,No
43.6,81,7,38,2,9,Brick,3,Summer,Yes
20.6,42,8,84,1,8,Brick,1,Winter,No
27.3,58,16,36,3,9,Brick,2,Spring,Yes
19.6,53,23,47,6,40,Brick,0,Winter,No
31.1,57,12,46,0,11,Brick,1,Autumn,Yes
27.2,69,20,38,5,11,Concrete,1,Spring,Yes
32.0,88,17,5,6,13,Concrete,2,Summer,Yes
32.3,64,3,65,6,12,Concrete,1,Autumn,Yes
20.8,68,10,37,0,23,Mud,0,Autumn,No
32.6,41,6,74,1,35,Brick,1,Autumn,No
26.5,52,11,39,5,20,Mud,1,Autumn,Yes
25.6,36,20,77,1,16,Mud,0,Spring,No
32.2,36,17,64,6,21,Mud,2,Autumn,Yes
25.8,66,5,2,2,27,Concrete,0,Autumn,No
21.4,34,2,52,4,28,Brick,0,Winter,No
10.5,34,13,66,0,39,Concrete,0,Winter,No
28.2,38,16,6,0,11,Brick,2,Spring,Yes
18.9,36,12,2,4,20,Brick,0,Spring,No
24.9,40,21,97,1,40,Mud,1,Autumn,No
15.4,46,6,20,6,26,Concrete,0,Winter,No
18.0,51,5,5,3,20,Brick,0,Autumn,No
21.4,68,0,95,3,9,Mud,1,Spring,No
22.6,39,20,24,1,39,Mud,0,Spring,No
12.2,57,2,46,4,16,Brick,0,Winter,No
29.7,59,18,81,2,31,Brick,2,Autumn,No
16.3,47,1,27,0,17,Brick,0,Winter,No
45.2,91,20,65,4,27,Brick,3,Summer,Yes
24.8,57,9,79,2,33,Concrete,1,Autumn,No
24.0,49,0,3,6,25,Concrete,1,Spring,No
42.2,55,6,71,4,33,Concrete,2,Summer,Yes
18.6,56,2,41,3,34,Mud,0,Spring,No
38.5,63,13,49,1,17,Brick,3,Summer,Yes
21.8,35,12,3,3,32,Brick,1,Winter,No
17.5,42,16,38,1,25,Brick,0,Winter,No
17.1,45,15,11,5,24,Brick,0,Winter,No
25.8,73,19,82,1,22,Mud,1,Autumn,No
27.1,49,23,64,0,13,Mud,1,Autumn,No
23.1,52,23,35,4,15,Concrete,1,Winter,No
30.8,48,13,92,6,29,Mud,2,Spring,Yes
20.2,61,1,45,4,31,Concrete,0,Autumn,No
10.4,45,19,46,0,15,Brick,0,Winter,No
33.6,79,15,19,5,21,Concrete,2,Summer,Yes
21.7,32,4,56,5,24,Concrete,1,Winter,No
45.8,88,21,95,6,29,Concrete,3,Summer,Yes
31.5,39,19,20,6,24,Brick,1,Spring,Yes
19.7,45,20,6,2,9,Mud,1,Winter,No
19.7,54,0,51,0,25,Brick,0,Winter,No
15.3,55,20,28,0,28,Mud,1,Winter,No
21.5,55,10,44,0,39,Brick,1,Spring,No
24.0,54,8,46,1,27,Concrete,2,Spring,No
22.0,59,21,64,6,39,Brick,1,Spring,No
45.6,54,18,39,3,33,Brick,3,Summer,Yes
38.0,62,13,35,0,29,Brick,2,Summer,Yes
24.1,43,4,38,3,12,Concrete,0,Spring,No
34.8,81,15,20,2,17,Concrete,2,Summer,Yes
44.8,66,15,43,5,28,Concrete,2,Summer,Yes
21.2,41,10,13,3,28,Brick,0,Autumn,No
43.5,70,3,2,3,25,Mud,2,Summer,Yes
33.3,86,2,73,4,39,Mud,2,Summer,Yes
20.6,48,10,49,6,25,Mud,1,Winter,No
29.1,56,2,34,4,25,Brick,2,Autumn,No
11.6,38,9,13,3,38,Brick,0,Winter,No
27.6,40,15,39,0,24,Brick,2,Autumn,No
30.8,56,20,80,5,36,Mud,2,Spring,Yes
42.9,60,2,29,0,17,Brick,2,Summer,Yes
38.0,54,17,81,3,11,Mud,3,Summer,Yes
25.8,59,9,86,2,16,Brick,2,Spring,No
26.5,61,23,68,3,26,Mud,1,Spring,Yes
14.9,34,16,76,0,23,Concrete,0,Winter,No
22.1,35,15,46,0,16,Mud,1,Autumn,No
21.9,64,2,1,4,22,Brick,1,Winter,No
23.2,45,13,53,6,38,Mud,2,Autumn,No
39.8,84,18,79,0,12,Mud,3,Summer,Yes
28.2,66,15,76,1,19,Concrete,2,Spring,No
14.8,40,3,100,1,17,Mud,0,Winter,No
31.9,45,16,77,0,24,Mud,1,Spring,Yes
42.6,70,6,90,1,16,Concrete,3,Summer,Yes
18.6,37,13,4,5,39,Concrete,0,Autumn,No
12.2,39,3,38,3,36,Mud,1,Winter,No
22.9,38,2,53,6,27,Brick,1,Spring,No
45.3,69,7,70,0,25,Brick,3,Summer,Yes
37.5,92,18,41,6,8,Concrete,3,Summer,Yes
16.7,63,17,25,3,8,Concrete,1,Winter,No
27.7,49,10,31,5,40,Brick,1,Spring,Yes
15.5,64,13,1,5,11,Mud,0,Winter,No
22.1,33,5,55,0,18,Brick,1,Winter,No
23.8,30,17,12,2,21,Concrete,1,Winter,No
22.4,44,0,1,2,28,Concrete,1,Autumn,No
19.8,30,15,68,4,9,Concrete,0,Winter,No
19.7,67,16,32,5,9,Mud,1,Spring,No
26.8,48,2,10,0,10,Mud,2,Spring,No
46.8,78,16,50,3,17,Brick,3,Summer,Yes
37.2,73,10,33,5,37,Mud,3,Summer,Yes
43.7,92,11,7,1,37,Brick,3,Summer,Yes
27.6,64,1,13,2,22,Concrete,0,Spring,No
45.1,72,14,3,5,25,Brick,3,Summer,Yes
38.1,60,14,45,5,9,Concrete,3,Summer,Yes
22.8,51,2,50,5,26,Mud,1,Spring,No
16.4,49,21,49,3,13,Brick,0,Winter,No
22.0,60,7,8,4,9,Concrete,1,Winter,No
37.6,78,20,39,0,20,Brick,2,Summer,Yes
18.5,43,6,14,5,10,Concrete,0,Spring,No
31.7,76,14,98,0,8,Brick,2,Summer,Yes
36.2,63,1,77,0,39,Mud,3,Summer,Yes
27.7,38,4,1,3,16,Concrete,2,Spring,No
21.2,40,21,28,2,37,Mud,1,Winter,No
35.4,60,19,64,0,35,Brick,3,Summer,Yes
26.2,66,11,92,6,9,Brick,1,Spring,Yes
28.1,53,6,38,0,20,Brick,1,Spring,No
37.7,78,17,72,5,15,Brick,3,Summer,Yes
40.7,88,4,56,3,33,Mud,3,Summer,Yes
27.3,45,11,85,2,8,Concrete,1,Spring,No
29.0,65,18,16,4,17,Brick,1,Spring,Yes
18.9,50,4,12,0,8,Brick,1,Winter,No
18.0,63,8,56,5,8,Concrete,0,Winter,No
26.7,39,6,80,6,16,Mud,0,Spring,Yes
32.3,51,17,70,3,40,Brick,2,Autumn,Yes
13.1,32,10,58,1,20,Concrete,0,Winter,No
20.0,68,0,34,5,15,Brick,1,Spring,No
22.7,42,2,8,2,23,Brick,1,Winter,No
39.6,73,12,68,2,26,Brick,3,Summer,Yes
30.4,90,7,73,4,40,Mud,2,Summer,Yes
33.0,39,17,96,6,22,Mud,2,Autumn,Yes
35.5,93,1,76,1,15,Mud,3,Summer,Yes
46.1,56,9,36,5,25,Brick,3,Summer,Yes
29.9,68,19,81,6,29,Brick,2,Autumn,Yes
42.7,66,19,89,6,19,Brick,2,Summer,Yes
43.4,76,10,46,3,26,Mud,2,Summer,Yes
31.6,46,16,24,2,31,Brick,2,Spring,Yes
45.4,89,13,65,0,36,Brick,3,Summer,Yes
36.5,62,18,78,5,31,Brick,3,Summer,Yes
46.4,67,2,89,4,22,Brick,2,Summer,Yes
30.7,60,6,36,2,13,Brick,2,Spring,Yes
39.1,88,4,52,4,34,Concrete,3,Summer,Yes
27.0,57,19,2,4,35,Mud,1,Autumn,Yes
33.4,57,6,39,5,40,Brick,2,Autumn,Yes
10.8,41,22,12,0,16,Concrete,0,Winter,No
29.8,56,9,89,6,25,Brick,3,Autumn,No
45.1,83,17,45,5,34,Mud,2,Summer,Yes
23.7,50,0,39,5,32,Concrete,1,Winter,No
17.7,38,12,99,3,40,Brick,0,Winter,No
26.6,69,21,81,0,27,Mud,0,Spring,No
31.7,60,19,74,1,37,Concrete,2,Summer,Yes
13.2,33,23,99,6,13,Brick,0,Winter,No
21.5,50,12,37,6,22,Mud,1,Autumn,No
18.2,40,9,44,1,36,Mud,0,Winter,No
29.5,35,12,95,2,22,Brick,2,Autumn,No
25.4,43,19,39,3,34,Concrete,0,Spring,No
31.4,44,9,80,6,14,Brick,2,Autumn,Yes
20.5,69,7,39,3,31,Concrete,1,Spring,No
24.7,55,6,33,0,15,Mud,1,Spring,No
31.1,85,6,36,0,39,Brick,2,Summer,Yes
27.4,60,16,68,0,25,Concrete,2,Autumn,No
33.9,63,15,77,2,29,Concrete,3,Summer,Yes
23.1,35,19,46,5,36,Brick,1,Autumn,No
15.9,30,7,46,4,26,Mud,0,Winter,No
28.0,39,5,77,2,11,Concrete,2,Spring,No
42.4,63,14,21,3,10,Concrete,3,Summer,Yes
44.5,83,20,96,3,14,Mud,3,Summer,Yes
43.6,50,22,6,2,19,Mud,3,Summer,Yes
39.3,82,3,74,1,29,Brick,2,Summer,Yes
32.8,58,7,45,1,35,Brick,2,Autumn,No
21.6,50,15,32,2,13,Brick,1,Spring,No
38.4,67,19,30,6,28,Concrete,3,Summer,Yes
22.8,39,21,0,3,40,Brick,1,Spring,No
12.4,42,14,58,3,40,Brick,0,Winter,No
19.7,57,21,72,6,17,Mud,0,Winter,No
32.3,73,15,71,0,32,Brick,1,Summer,Yes
21.1,35,18,19,4,20,Brick,1,Spring,No
38.2,66,20,96,3,11,Brick,3,Summer,Yes
32.1,46,0,19,5,33,Brick,2,Autumn,Yes
27.8,61,12,61,0,18,Concrete,1,Autumn,No
31.2,52,22,55,1,8,Brick,1,Autumn,Yes
45.5,80,8,26,6,27,Mud,2,Summer,Yes
36.7,91,8,66,3,28,Brick,3,Summer,Yes
11.9,35,22,17,6,19,Mud,0,Winter,No
21.7,62,3,83,5,12,Brick,2,Spring,No
22.7,43,15,21,3,32,Concrete,1,Winter,No
19.0,58,19,79,5,12,Brick,0,Spring,No
26.7,46,7,58,1,35,Concrete,1,Spring,No
10.5,60,11,39,6,38,Brick,0,Winter,No
21.9,57,10,59,1,10,Brick,1,Spring,No
28.3,70,23,49,0,12,Concrete,2,Autumn,No
18.9,49,7,73,3,8,Brick,0,Autumn,No
12.2,41,13,96,4,26,Brick,0,Winter,No
13.9,41,15,57,3,31,Concrete,1,Winter,No
12.4,56,20,79,3,38,Concrete,0,Winter,No
44.0,63,13,66,1,10,Concrete,3,Summer,Yes
23.3,37,15,95,1,10,Mud,1,Spring,No
10.5,47,5,92,1,14,Mud,0,Winter,No
24.2,35,15,32,4,40,Concrete,1,Autumn,No
25.2,42,13,81,0,8,Brick,1,Spring,No
42.5,93,17,9,1,27,Brick,3,Summer,Yes
25.4,43,2,15,0,25,Mud,1,Autumn,No
23.9,36,12,16,2,27,Concrete,2,Winter,No
32.3,89,0,43,3,40,Brick,2,Summer,Yes
31.1,38,20,72,5,13,Mud,2,Autumn,Yes
24.6,46,11,54,1,29,Brick,1,Spring,No
42.4,64,14,81,5,11,Brick,3,Summer,Yes
22.7,50,22,35,0,30,Mud,1,Winter,No
21.4,37,8,35,5,23,Brick,1,Winter,No
23.9,47,21,53,3,16,Brick,1,Spring,No
34.5,91,20,1,3,13,Mud,3,Summer,Yes
29.9,72,7,72,3,25,Mud,2,Autumn,No
16.2,53,23,53,4,32,Concrete,1,Winter,No
40.3,81,13,31,0,30,Brick,3,Summer,Yes
36.2,81,14,1,6,9,Brick,3,Summer,Yes
13.2,50,18,69,5,31,Mud,0,Winter,No
18.6,48,6,33,5,39,Brick,1,Spring,No
31.3,57,9,21,4,16,Brick,2,Spring,Yes
11.6,64,16,0,2,37,Brick,0,Winter,No
45.6,51,7,55,2,28,Concrete,3,Summer,Yes
16.2,59,2,29,6,37,Mud,0,Winter,No
28.4,40,22,61,0,15,Mud,3,Autumn,No
10.3,42,19,37,0,16,Concrete,0,Winter,No
36.4,51,3,60,6,32,Brick,3,Summer,Yes
31.0,59,5,62,6,37,Mud,2,Autumn,Yes
47.0,54,23,3,3,21,Concrete,3,Summer,Yes
14.5,50,18,90,2,33,Brick,0,Winter,No
29.3,46,7,51,4,14,Concrete,2,Spring,No
11.9,55,23,42,2,9,Concrete,1,Winter,No
26.1,57,16,94,6,28,Mud,0,Autumn,No
27.2,58,11,37,0,9,Concrete,1,Autumn,No
34.3,71,1,34,2,40,Brick,3,Summer,Yes
30.7,64,11,21,1,33,Concrete,2,Summer,Yes
37.2,57,23,91,4,30,Mud,3,Summer,Yes
26.9,67,15,51,3,40,Mud,2,Spring,Yes
25.4,44,6,56,6,14,Concrete,2,Spring,No
29.9,66,19,2,4,35,Brick,2,Spring,No
18.4,37,10,51,2,39,Mud,0,Spring,No
19.8,43,5,58,6,13,Brick,0,Autumn,No
25.1,41,4,67,3,26,Brick,1,Spring,No
21.3,48,5,27,5,9,Brick,2,Spring,No
20.7,54,20,25,0,26,Concrete,1,Spring,No
26.4,48,8,15,5,29,Brick,1,Spring,Yes
24.3,57,17,0,3,16,Brick,1,Autumn,No
32.6,38,5,79,4,27,Brick,2,Autumn,Yes
31.7,66,6,19,6,27,Brick,3,Autumn,Yes
14.9,59,10,57,5,19,Concrete,0,Winter,No
30.1,87,17,12,2,16,Brick,1,Summer,Yes
23.3,64,7,69,6,22,Mud,2,Winter,No
43.0,59,7,42,3,38,Brick,3,Summer,Yes
26.6,43,23,24,2,31,Brick,0,Autumn,No
42.5,52,5,89,6,9,Mud,2,Summer,Yes
24.8,48,2,22,5,30,Concrete,1,Spring,No
11.9,60,14,69,4,27,Brick,0,Winter,No
46.5,61,16,46,4,29,Brick,3,Summer,Yes
21.3,71,18,44,1,21,Mud,2,Autumn,No
19.7,58,8,60,3,19,Mud,0,Winter,No
30.3,49,6,72,0,23,Mud,2,Spring,No
21.0,55,1,71,1,26,Concrete,1,Spring,No
29.1,46,4,29,1,32,Brick,2,Spring,No
17.0,59,2,75,5,23,Mud,0,Winter,No
30.6,94,1,100,1,35,Brick,1,Summer,Yes
46.5,53,12,95,0,17,Mud,3,Summer,Yes
15.0,57,7,36,1,16,Brick,0,Winter,No
12.1,54,21,38,5,29,Brick,0,Winter,No
23.0,59,14,80,6,20,Concrete,0,Spring,Yes
26.1,61,3,36,6,40,Mud,1,Autumn,No
33.7,63,21,54,0,34,Brick,2,Autumn,Yes
27.2,72,1,85,0,14,Mud,1,Autumn,No
35.0,53,13,79,0,34,Brick,3,Summer,Yes
13.0,35,2,62,6,13,Brick,0,Winter,No
34.3,83,22,1,2,37,Concrete,2,Summer,Yes
18.9,46,14,84,5,30,Brick,0,Autumn,No
20.3,46,6,28,4,37,Mud,2,Autumn,No
19.4,63,9,4,2,29,Mud,0,Autumn,No
45.3,86,20,51,6,21,Brick,3,Summer,Yes
33.6,71,14,77,5,14,Concrete,3,Autumn,Yes
27.0,67,22,26,0,19,Mud,1,Autumn,No
21.3,65,15,96,6,26,Concrete,1,Spring,No
41.9,68,13,22,5,21,Brick,3,Summer,Yes
36.1,87,5,0,4,15,Concrete,3,Summer,Yes
33.3,76,6,27,6,11,Mud,2,Summer,Yes
46.4,68,20,59,0,27,Brick,3,Summer,Yes
22.1,57,10,4,3,39,Concrete,0,Winter,No
25.3,38,10,94,5,14,Brick,2,Autumn,No
36.7,67,18,96,6,32,Concrete,3,Summer,Yes
27.9,59,13,89,0,29,Mud,1,Spring,No
20.5,36,3,44,2,36,Concrete,1,Autumn,No
16.3,34,19,99,0,24,Mud,0,Winter,No
21.4,62,14,31,0,29,Mud,2,Autumn,No
16.5,50,5,10,1,19,Mud,0,Winter,No
22.0,45,1,84,3,19,Concrete,0,Winter,No
42.3,70,5,70,3,8,Mud,3,Summer,Yes
35.0,79,6,91,6,13,Mud,3,Summer,Yes
23.6,60,8,73,2,20,Brick,1,Spring,No
23.7,51,10,78,4,15,Brick,1,Autumn,No
31.2,59,19,26,0,21,Brick,1,Autumn,Yes
22.0,45,6,34,1,30,Brick,1,Spring,No
21.6,41,21,9,4,24,Brick,1,Winter,No
46.6,61,20,63,1,33,Brick,3,Summer,Yes
13.1,38,22,38,2,30,Brick,1,Winter,No
31.5,59,16,23,4,14,Mud,3,Spring,Yes
39.2,74,6,39,5,16,Concrete,3,Summer,Yes
31.0,68,8,67,2,24,Concrete,2,Spring,Yes
22.9,51,20,91,1,25,Brick,1,Winter,No
10.3,35,23,85,1,31,Brick,0,Winter,No
26.9,55,6,97,4,22,Concrete,1,Spring,No
10.9,55,20,16,4,12,Concrete,0,Winter,No
30.9,49,4,27,2,12,Brick,1,Spring,Yes
33.9,74,5,61,6,18,Concrete,1,Summer,Yes
41.4,77,18,37,6,9,Concrete,3,Summer,Yes
20.7,54,3,79,0,24,Mud,1,Autumn,No
44.2,67,1,69,5,14,Concrete,2,Summer,Yes
36.2,51,2,75,5,21,Brick,3,Summer,Yes
20.2,62,19,35,6,24,Mud,2,Winter,No
23.2,64,10,86,5,33,Brick,1,Spring,No
25.1,67,13,10,4,13,Brick,2,Spring,Yes
20.4,63,22,11,3,32,Brick,1,Winter,No
18.0,35,2,34,6,31,Brick,0,Spring,No
32.0,70,16,42,4,28,Concrete,3,Summer,Yes
14.3,42,23,20,3,26,Concrete,1,Winter,No
18.5,36,13,94,0,33,Concrete,0,Spring,No
43.6,92,18,48,2,14,Brick,2,Summer,Yes
19.6,40,19,37,0,11,Brick,0,Winter,No
36.0,68,13,84,1,24,Brick,2,Summer,Yes
22.7,44,21,73,5,32,Brick,1,Winter,No
22.5,36,0,16,5,13,Concrete,1,Winter,No
46.7,88,2,30,5,26,Mud,3,Summer,Yes
15.7,41,6,64,3,27,Brick,1,Winter,No
25.0,39,13,26,0,35,Mud,1,Spring,No
37.3,64,14,57,0,30,Brick,3,Summer,Yes
17.6,53,13,72,5,36,Concrete,0,Winter,No
44.2,94,16,94,6,35,Mud,3,Summer,Yes
41.7,56,12,36,4,28,Mud,3,Summer,Yes
23.3,46,1,9,1,17,Concrete,1,Autumn,No
25.7,53,18,56,1,26,Brick,0,Spring,No
28.3,73,20,77,4,33,Brick,2,Autumn,No
20.7,53,7,0,2,23,Concrete,0,Winter,No
31.9,68,7,80,6,39,Mud,1,Summer,Yes
11.1,41,22,30,6,25,Brick,1,Winter,No
44.3,79,5,65,4,24,Brick,3,Summer,Yes
24.3,43,19,81,2,34,Mud,1,Spring,No
21.9,35,19,81,0,8,Mud,2,Spring,No
44.2,73,22,77,0,17,Brick,2,Summer,Yes
30.4,62,21,61,4,25,Mud,3,Spring,Yes
10.3,59,18,80,1,37,Brick,0,Winter,No
23.2,50,12,86,2,17,Brick,1,Winter,No
25.9,56,22,23,1,40,Mud,1,Spring,No
24.6,57,8,13,0,35,Concrete,1,Autumn,No
30.6,91,4,98,6,8,Mud,1,Summer,Yes
13.6,55,1,18,4,8,Brick,1,Winter,No
42.7,90,13,92,5,32,Brick,3,Summer,Yes
43.5,79,19,14,2,30,Brick,2,Summer,Yes
22.1,36,5,55,2,23,Concrete,1,Winter,No
40.7,66,17,95,6,34,Brick,3,Summer,Yes
13.6,39,14,0,1,23,Brick,0,Winter,No
23.8,58,11,14,1,22,Brick,1,Autumn,No
22.2,42,10,22,0,18,Brick,1,Winter,No
25.5,62,18,5,1,17,Concrete,1,Spring,No
20.4,52,6,87,1,16,Brick,1,Winter,No
18.9,35,18,57,2,30,Mud,0,Winter,No
33.3,78,16,69,2,35,Brick,3,Summer,Yes
26.1,36,7,52,2,8,Brick,0,Autumn,No
23.5,35,12,18,0,12,Concrete,0,Spring,No
23.3,44,15,69,0,16,Brick,1,Spring,No
33.7,51,2,21,2,17,Mud,2,Autumn,Yes
21.8,42,9,28,6,40,Concrete,0,Spring,No
27.6,45,14,24,6,10,Brick,2,Spring,Yes
20.2,32,0,78,1,30,Concrete,1,Winter,No
43.2,63,20,45,1,32,Concrete,2,Summer,Yes
26.1,40,13,32,1,8,Mud,1,Autumn,No
15.0,48,3,23,0,22,Brick,0,Winter,No
23.9,44,13,12,3,9,Mud,1,Spring,No
21.0,33,17,38,0,30,Mud,0,Winter,No
21.2,30,6,49,5,32,Concrete,1,Winter,No
23.7,39,3,96,2,11,Brick,1,Autumn,No
34.7,60,18,54,5,19,Concrete,2,Summer,Yes
32.9,82,17,86,3,32,Brick,3,Summer,Yes
42.3,68,10,41,5,34,Concrete,2,Summer,Yes
20.3,40,9,22,1,38,Mud,1,Spring,No
23.9,55,2,80,6,40,Brick,0,Spring,No
28.9,54,18,8,4,10,Brick,2,Autumn,No
18.3,36,9,15,3,39,Mud,0,Winter,No
41.2,69,7,87,5,34,Concrete,3,Summer,Yes
40.1,89,11,48,4,27,Mud,3,Summer,Yes
19.8,69,5,39,5,14,Mud,0,Spring,No
31.2,56,9,100,2,27,Concrete,3,Autumn,No
30.7,43,18,73,6,9,Brick,2,Autumn,No
32.0,50,1,72,3,39,Mud,3,Autumn,No
31.5,75,13,85,2,19,Brick,2,Summer,Yes
33.0,53,9,13,2,12,Brick,2,Summer,Yes
27.5,65,19,17,6,17,Mud,0,Autumn,Yes
33.1,67,7,89,0,39,Mud,2,Summer,Yes
29.9,49,14,2,0,24,Mud,2,Spring,Yes
39.3,71,3,88,1,8,Concrete,2,Summer,Yes
29.0,59,4,34,3,12,Concrete,2,Autumn,No
20.1,60,16,4,1,27,Concrete,0,Spring,No
42.8,59,5,20,2,25,Mud,3,Summer,Yes
12.6,34,10,91,1,33,Brick,1,Winter,No
29.4,65,10,71,1,36,Brick,2,Spring,No
21.7,47,16,54,6,15,Concrete,1,Spring,No
30.1,53,8,68,3,28,Brick,3,Summer,Yes
26.5,51,20,28,0,12,Concrete,2,Spring,No
10.2,50,10,30,6,29,Mud,0,Winter,No
41.8,56,22,5,6,31,Brick,2,Summer,Yes
35.6,57,23,68,3,31,Brick,3,Summer,Yes
34.1,66,23,37,1,31,Brick,2,Summer,Yes
35.4,82,21,77,3,23,Brick,3,Summer,Yes
19.1,65,1,3,1,38,Brick,0,Spring,No
40.9,92,19,50,4,40,Mud,3,Summer,Yes
30.3,61,21,18,5,12,Brick,2,Spring,Yes
25.4,39,23,79,4,31,Mud,1,Autumn,No
19.9,60,19,11,6,26,Brick,0,Winter,No
45.1,52,7,21,6,13,Brick,3,Summer,Yes
22.9,68,6,100,4,37,Brick,1,Autumn,No
44.1,91,0,63,0,19,Concrete,3,Summer,Yes
22.0,46,13,90,2,26,Brick,0,Spring,No
15.1,54,14,1,2,8,Mud,0,Winter,No
19.2,37,9,58,0,38,Concrete,1,Spring,No
46.9,58,0,44,5,38,Concrete,3,Summer,Yes
18.4,59,6,36,2,27,Brick,0,Winter,No
27.3,39,16,19,5,26,Concrete,1,Spring,Yes
24.5,39,13,36,5,11,Mud,0,Spring,Yes
29.5,35,12,74,2,38,Brick,1,Spring,No
18.4,53,19,46,0,20,Brick,1,Winter,No
38.2,61,17,57,5,39,Mud,3,Summer,Yes
31.8,60,0,36,5,24,Brick,2,Spring,Yes
17.9,64,14,82,5,27,Concrete,1,Winter,No
33.3,59,16,25,2,28,Mud,2,Autumn,Yes
37.1,55,14,3,0,21,Brick,3,Summer,Yes
16.1,54,0,95,4,15,Brick,0,Winter,No
16.3,32,8,21,0,12,Brick,0,Winter,No
30.8,47,17,46,1,11,Mud,2,Spring,Yes
28.9,74,13,39,3,15,Brick,1,Autumn,Yes
20.4,48,9,68,2,8,Mud,2,Spring,No
24.9,55,18,33,0,22,Mud,1,Spring,No
46.7,69,11,75,5,28,Concrete,3,Summer,Yes
25.3,57,6,71,3,15,Brick,1,Spring,No
20.3,40,13,97,5,22,Brick,0,Spring,No
37.1,61,5,23,5,8,Brick,2,Summer,Yes
20.4,63,21,99,6,40,Concrete,0,Winter,No
22.7,35,16,38,0,40,Concrete,1,Spring,No
18.9,63,15,80,5,27,Concrete,0,Spring,No
27.6,38,18,66,6,8,Brick,0,Spring,Yes
26.3,45,11,47,6,20,Brick,2,Spring,Yes
27.9,66,18,32,5,14,Brick,2,Spring,Yes
31.8,42,10,11,5,31,Concrete,1,Spring,Yes
29.9,52,21,30,6,16,Concrete,3,Spring,Yes
30.8,52,16,86,1,9,Brick,3,Summer,Yes
25.6,37,4,19,3,14,Concrete,1,Autumn,No
15.7,33,2,87,5,31,Mud,0,Winter,No
23.1,34,15,51,0,17,Brick,1,Winter,No
16.5,57,13,85,3,38,Brick,0,Winter,No
34.3,91,13,78,1,15,Concrete,2,Summer,Yes
20.4,62,3,28,3,12,Brick,1,Winter,No
31.0,73,1,88,4,9,Mud,2,Summer,Yes
44.1,78,10,42,5,26,Brick,3,Summer,Yes
21.7,42,4,72,4,8,Brick,2,Winter,No
20.9,50,10,51,4,19,Brick,1,Winter,No
28.4,57,14,79,0,32,Brick,2,Autumn,No
34.5,62,9,70,2,34,Concrete,2,Summer,Yes
19.8,35,23,54,4,36,Concrete,0,Winter,No
16.5,37,8,42,6,24,Concrete,0,Winter,No
31.1,44,5,98,0,19,Concrete,2,Autumn,No
41.4,78,8,57,6,36,Concrete,3,Summer,Yes
